Company, URL
Distyl, https://jobs.ashbyhq.com/Distyl,[ALREADY_IN_DB]
Salesforce, https://careers.salesforce.com/en/jobs/,[ALREADY_IN_DB]
Dialpad, https://www.dialpad.com/careers/open-opportunities/,[ALREADY_IN_DB]
Gimlet Labs, https://gimletlabs.ai/,[FAILED: ATS未识别（custom），无法自动爬取]
NMC2, https://nmc2.com/careers/,[FAILED: ATS未识别（custom），无法自动爬取]
NBIS, https://careers.nebius.com/,[FAILED: ATS未识别（custom），无法自动爬取]
Modular, https://www.modular.com/company/careers#open-roles,[ALREADY_IN_DB]
Reddit, https://redditinc.com/careers,[ALREADY_IN_DB]
Whatnot , https://jobs.whatnot.com/,[FAILED: ATS未识别（custom），无法自动爬取]














