company,status,ats_type,career_url,error
WitnessAI,imported,unknown,https://witnessai.com/careers,
Wasabi,imported,unknown,https://wasabi.com/careers,
Stream,imported,unknown,https://stream.com/careers,
Cyclic Materials,imported,unknown,https://cyclicmaterials.com/careers,
Datarails,imported,unknown,https://datarails.com/careers,
Duetti,imported,unknown,https://duetti.com/careers,
LiveKit,imported,unknown,https://livekit.com/careers,
Mesh,imported,unknown,https://mesh.com/careers,
Pomelo,imported,unknown,https://pomelo.com/careers,
RobCo,imported,unknown,https://robco.com/careers,
Swap,imported,unknown,https://swap.com/careers,
osapiens,imported,unknown,https://osapiens.com/careers,
Aikido Security,imported,unknown,https://aikidosecurity.com/careers,
Ethernovia,imported,unknown,https://ethernovia.com/careers,
Hydrosat,imported,unknown,https://hydrosat.com/careers,
Ivo,imported,unknown,https://ivo.com/careers,
Northwood,imported,unknown,https://northwood.com/careers,
Orbem,imported,unknown,https://orbem.com/careers,
Railway,imported,unknown,https://railway.com/careers,
Tandem,imported,unknown,https://tandem.com/careers,
Superstate,imported,unknown,https://superstate.com/careers,
Freeform,imported,unknown,https://freeform.com/careers,
Orbital,imported,unknown,https://orbital.com/careers,
Emergent,imported,unknown,https://emergent.com/careers,
Cubby,imported,unknown,https://cubby.com/careers,
Jetson,imported,unknown,https://jetson.com/careers,
Snout,imported,unknown,https://snout.com/careers,
Factify,imported,unknown,https://factify.com/careers,
Summize,imported,unknown,https://summize.com/careers,
DealHub.io,imported,unknown,https://dealhub.io.com/careers,
Credit Key,imported,unknown,https://creditkey.com/careers,
Propy,imported,unknown,https://propy.com/careers,
CHAMP,imported,unknown,https://champ.com/careers,
d-Matrix,imported,unknown,https://d-matrix.com/careers,
Luma AI,imported,unknown,https://lumaai.com/careers,
Suno,imported,unknown,https://suno.com/careers,
MainFunc,imported,unknown,https://mainfunc.com/careers,
Harmonic,imported,unknown,https://harmonic.com/careers,
Black Forest Labs,imported,unknown,https://blackforestlabs.com/careers,
Curative,imported,unknown,https://curative.com/careers,
ICEYE,imported,unknown,https://iceye.com/careers,
Unconventional AI,imported,unknown,https://unconventionalai.com/careers,
Saviynt,imported,unknown,https://saviynt.com/careers,
K2 Space,imported,unknown,https://k2space.com/careers,
Chai Discovery,imported,unknown,https://chaidiscovery.com/careers,
Radiant,imported,unknown,https://radiant.com/careers,
Imprint,imported,unknown,https://imprint.com/careers,
Hadrian,imported,unknown,https://hadrian.com/careers,
BrainCo,imported,unknown,https://brainco.com/careers,
Rain,imported,unknown,https://rain.com/careers,
Harmattan AI,imported,unknown,https://harmattanai.com/careers,
Etched,imported,unknown,https://etched.com/careers,
Higgsfield AI,imported,unknown,https://higgsfieldai.com/careers,
Alpaca,imported,unknown,https://alpaca.com/careers,
one • fıve,imported,unknown,https://one•fıve.com/careers,
ZBD,imported,unknown,https://zbd.com/careers,
LinearB,imported,unknown,https://linearb.com/careers,
Converge Bio,imported,unknown,https://convergebio.com/careers,
AnswersNow,imported,unknown,https://answersnow.com/careers,
Array Labs,imported,unknown,https://arraylabs.com/careers,
Quadric,imported,unknown,https://quadric.com/careers,
Cosmos,imported,unknown,https://cosmos.com/careers,
Fanvue,imported,unknown,https://fanvue.com/careers,
Tive,imported,unknown,https://tive.com/careers,
Klearly,imported,unknown,https://klearly.com/careers,
RISA,imported,unknown,https://risa.com/careers,
Fleetzero,imported,unknown,https://fleetzero.com/careers,
IO River,imported,unknown,https://ioriver.com/careers,
depthfirst,imported,unknown,https://depthfirst.com/careers,
Twentyfour Industries,imported,unknown,https://twentyfourindustries.com/careers,
Monnai,imported,unknown,https://monnai.com/careers,
Squads,imported,unknown,https://squads.com/careers,
Cambio,imported,unknown,https://cambio.com/careers,
Dominion Dynamics,imported,unknown,https://dominiondynamics.com/careers,
Elyos AI,imported,unknown,https://elyosai.com/careers,
Midnite,imported,unknown,https://midnite.com/careers,
Artie,imported,unknown,https://artie.com/careers,
interos.ai,imported,unknown,https://interos.ai.com/careers,
Sinpex,imported,unknown,https://sinpex.com/careers,
Autonomous Technologies Group,imported,unknown,https://autonomoustechnologiesgroup.com/careers,
Babylon Labs,imported,unknown,https://babylonlabs.com/careers,
Flywheel.io,imported,unknown,https://flywheel.io.com/careers,
SkyFi,imported,unknown,https://skyfi.com/careers,
Protege,imported,unknown,https://protege.com/careers,
Flip,imported,unknown,https://flip.com/careers,
WithCoverage,imported,unknown,https://withcoverage.com/careers,
GovDash,imported,unknown,https://govdash.com/careers,
Benepass,imported,unknown,https://benepass.com/careers,
Video Rebirth,imported,unknown,https://videorebirth.com/careers,
Credix,imported,unknown,https://credix.com/careers,
Inception,imported,unknown,https://inception.com/careers,
Ursa Major,imported,unknown,https://ursamajor.com/careers,
Upway,imported,unknown,https://upway.com/careers,
Addi,imported,unknown,https://addi.com/careers,
AILY LABS,imported,unknown,https://ailylabs.com/careers,
Vay,imported,unknown,https://vay.com/careers,
Neros,imported,unknown,https://neros.com/careers,
CoLab,imported,unknown,https://colab.com/careers,
Sweet Security,imported,unknown,https://sweetsecurity.com/careers,
House Rx,imported,unknown,https://houserx.com/careers,
Emerald AI,imported,unknown,https://emeraldai.com/careers,
ConductorOne,imported,unknown,https://conductorone.com/careers,
Beacon Biosignals,imported,unknown,https://beaconbiosignals.com/careers,
Parallel Web Systems,imported,unknown,https://parallelwebsystems.com/careers,
Rogo,imported,unknown,https://rogo.com/careers,
Venn,imported,unknown,https://venn.com/careers,
Amperesand,imported,unknown,https://amperesand.com/careers,
Reevo,imported,unknown,https://reevo.com/careers,
Lumafield,imported,unknown,https://lumafield.com/careers,
Norm Ai,imported,unknown,https://normai.com/careers,
Doppel,imported,unknown,https://doppel.com/careers,
Argon AI,imported,unknown,https://argonai.com/careers,
PINC Technologies,imported,unknown,https://pinctechnologies.com/careers,
"Mivium,",imported,unknown,"https://mivium,.com/careers",
Trypillian,imported,unknown,https://trypillian.com/careers,
Lucidean,imported,unknown,https://lucidean.com/careers,
Poseidon,imported,unknown,https://poseidon.com/careers,
Isentroniq,imported,unknown,https://isentroniq.com/careers,
Pangolin,imported,unknown,https://pangolin.com/careers,
Cyberwave,imported,unknown,https://cyberwave.com/careers,
Pointer,imported,unknown,https://pointer.com/careers,
HiO,imported,unknown,https://hio.com/careers,
Magic Patterns,imported,unknown,https://magicpatterns.com/careers,
Composite,imported,unknown,https://composite.com/careers,
Epiminds,imported,unknown,https://epiminds.com/careers,
Dialogue AI,imported,unknown,https://dialogueai.com/careers,
Lava,imported,unknown,https://lava.com/careers,
Flai,imported,unknown,https://flai.com/careers,
Nozomio,imported,unknown,https://nozomio.com/careers,
Vulcan,imported,unknown,https://vulcan.com/careers,
Cerrion,imported,unknown,https://cerrion.com/careers,
Majestic Labs ai,imported,unknown,https://majesticlabsai.com/careers,
Agentio,imported,unknown,https://agentio.com/careers,
Method Security,imported,unknown,https://methodsecurity.com/careers,
Quindar,imported,unknown,https://quindar.com/careers,
Foxglove,imported,unknown,https://foxglove.com/careers,
GC AI,imported,unknown,https://gcai.com/careers,
Mnzil | منزل,imported,unknown,https://mnzil|منزل.com/careers,
Digitail,imported,unknown,https://digitail.com/careers,
Tavus,imported,unknown,https://tavus.com/careers,
Nest Health,imported,unknown,https://nesthealth.com/careers,
Stuut,imported,unknown,https://stuut.com/careers,
Joy Parenting Club,imported,unknown,https://joyparentingclub.com/careers,
Feroot Security,imported,unknown,https://ferootsecurity.com/careers,
Bronto,imported,unknown,https://bronto.com/careers,
Great Question,imported,unknown,https://greatquestion.com/careers,
Twenty,imported,unknown,https://twenty.com/careers,
Automat,imported,unknown,https://automat.com/careers,
Infracost,imported,unknown,https://infracost.com/careers,
OpenHands,imported,unknown,https://openhands.com/careers,
Apono,imported,unknown,https://apono.com/careers,
Bedrock Data,imported,unknown,https://bedrockdata.com/careers,
Coverbase,imported,unknown,https://coverbase.com/careers,
Maybern,imported,unknown,https://maybern.com/careers,
voize,imported,unknown,https://voize.com/careers,
TULU,imported,unknown,https://tulu.com/careers,
AirOps,imported,unknown,https://airops.com/careers,
Sphere,imported,unknown,https://sphere.com/careers,
Anzen Insurance,imported,unknown,https://anzeninsurance.com/careers,
Wispr Flow,imported,unknown,https://wisprflow.com/careers,
CoPlane,imported,unknown,https://coplane.com/careers,
Jiga,imported,unknown,https://jiga.com/careers,
Obello,imported,unknown,https://obello.com/careers,
FlyteHealth,imported,unknown,https://flytehealth.com/careers,
MIRA,imported,unknown,https://mira.com/careers,
Pibit.AI,imported,unknown,https://pibit.ai.com/careers,
Deductive AI,imported,unknown,https://deductiveai.com/careers,
Milestone,imported,unknown,https://milestone.com/careers,
Hapiko,imported,unknown,https://hapiko.com/careers,
Uare.ai,imported,unknown,https://uare.ai.com/careers,
PolyModels Hub,imported,unknown,https://polymodelshub.com/careers,
lizzyAI,imported,unknown,https://lizzyai.com/careers,
Voltrac,imported,unknown,https://voltrac.com/careers,
Carba,imported,unknown,https://carba.com/careers,
Reelables,imported,unknown,https://reelables.com/careers,
Laka,imported,unknown,https://laka.com/careers,
Voio,imported,unknown,https://voio.com/careers,
Morphle Labs,imported,unknown,https://morphlelabs.com/careers,
Prem AI,imported,unknown,https://premai.com/careers,
Guide Labs,imported,unknown,https://guidelabs.com/careers,
Autolane,imported,unknown,https://autolane.com/careers,
Localbird,imported,unknown,https://localbird.com/careers,
Made Card,imported,unknown,https://madecard.com/careers,
FamilyWell Health,imported,unknown,https://familywellhealth.com/careers,
Luminal AI,imported,unknown,https://luminalai.com/careers,
Track Titan,imported,unknown,https://tracktitan.com/careers,
SpaceComputer | Orbital Root of Trust,imported,unknown,https://spacecomputer|orbitalrootoftrust.com/careers,
Raylu,imported,unknown,https://raylu.com/careers,
Sunflower 🌻,imported,unknown,https://sunflower🌻.com/careers,
Periodic Labs,imported,unknown,https://periodiclabs.com/careers,
FieldAI,imported,unknown,https://fieldai.com/careers,
inDrive,imported,unknown,https://indrive.com/careers,
Tide,imported,unknown,https://tide.com/careers,
Distyl,imported,unknown,https://distyl.com/careers,
Filevine,imported,unknown,https://filevine.com/careers,
Modular,imported,unknown,https://modular.com/careers,
Thyme Care,imported,unknown,https://thymecare.com/careers,
Base Power,imported,unknown,https://basepower.com/careers,
Reflection AI,imported,unknown,https://reflectionai.com/careers,
n8n,imported,unknown,https://n8n.com/careers,
Govini,imported,unknown,https://govini.com/careers,
Vantaca,imported,unknown,https://vantaca.com/careers,
NewLimit,imported,unknown,https://newlimit.com/careers,
ShopMy,imported,unknown,https://shopmy.com/careers,
SheMed,imported,unknown,https://shemed.com/careers,
Fireworks AI,imported,unknown,https://fireworksai.com/careers,
Substrate,imported,unknown,https://substrate.com/careers,
Legora,imported,unknown,https://legora.com/careers,
Beacon Software,imported,unknown,https://beaconsoftware.com/careers,
Metropolis,imported,unknown,https://metropolis.com/careers,
Gamma,imported,unknown,https://gamma.com/careers,
Scribe,imported,unknown,https://scribe.com/careers,
Digicust,imported,unknown,https://digicust.com/careers,
AllScale,imported,unknown,https://allscale.com/careers,
minitap,imported,unknown,https://minitap.com/careers,
Azoma,imported,unknown,https://azoma.com/careers,
Juo,imported,unknown,https://juo.com/careers,
Noteless,imported,unknown,https://noteless.com/careers,
FICUS HEALTH,imported,unknown,https://ficushealth.com/careers,
Cellbyte,imported,unknown,https://cellbyte.com/careers,
Curvestone AI,imported,unknown,https://curvestoneai.com/careers,
anyformat,imported,unknown,https://anyformat.com/careers,
Struck,imported,unknown,https://struck.com/careers,
SubImage (YC W25),imported,unknown,https://subimage(ycw25).com/careers,
Donna,imported,unknown,https://donna.com/careers,
Clipbook,imported,unknown,https://clipbook.com/careers,
Logistica OS,imported,unknown,https://logisticaos.com/careers,
Dialog,imported,unknown,https://dialog.com/careers,
Neuralk AI,imported,unknown,https://neuralkai.com/careers,
Adclear,imported,unknown,https://adclear.com/careers,
"Realm.Security,",imported,unknown,"https://realm.security,.com/careers",
Glowtify,imported,unknown,https://glowtify.com/careers,
Glitch,imported,unknown,https://glitch.com/careers,
Frugal,imported,unknown,https://frugal.com/careers,
Quantum Dice,imported,unknown,https://quantumdice.com/careers,
GoDutch,imported,unknown,https://godutch.com/careers,
Asseta AI,imported,unknown,https://assetaai.com/careers,
Soxton.AI,imported,unknown,https://soxton.ai.com/careers,
Omnilex,imported,unknown,https://omnilex.com/careers,
Liablix,imported,unknown,https://liablix.com/careers,
Songscription,imported,unknown,https://songscription.com/careers,
Ascentra,imported,unknown,https://ascentra.com/careers,
Deduction.com,imported,unknown,https://deduction.com.com/careers,
Eve,imported,unknown,https://eve.com/careers,
PolyAI,imported,unknown,https://polyai.com/careers,
Nirvana Insurance,imported,unknown,https://nirvanainsurance.com/careers,
Deepgram,imported,unknown,https://deepgram.com/careers,
Zafran Security,imported,unknown,https://zafransecurity.com/careers,
Axiado,imported,unknown,https://axiado.com/careers,
Encord,imported,unknown,https://encord.com/careers,
Last Energy,imported,unknown,https://lastenergy.com/careers,
Quantum Art,imported,unknown,https://quantumart.com/careers,
wrtn technologies,imported,unknown,https://wrtntechnologies.com/careers,
Neural Concept,imported,unknown,https://neuralconcept.com/careers,
Nu Quantum,imported,unknown,https://nuquantum.com/careers,
Celero Communications,imported,unknown,https://celerocommunications.com/careers,
Numeric,imported,unknown,https://numeric.com/careers,
Vatn Systems,imported,unknown,https://vatnsystems.com/careers,
Guardio,imported,unknown,https://guardio.com/careers,
Sokin,imported,unknown,https://sokin.com/careers,
Antares,imported,unknown,https://antares.com/careers,
Flex,imported,unknown,https://flex.com/careers,
Serval,imported,unknown,https://serval.com/careers,
Adaptive Security,imported,unknown,https://adaptivesecurity.com/careers,
Fuse Energy,imported,unknown,https://fuseenergy.com/careers,
Model ML,imported,unknown,https://modelml.com/careers,
Titan OS,imported,unknown,https://titanos.com/careers,
Federato,imported,unknown,https://federato.com/careers,
Medra,imported,unknown,https://medra.com/careers,
Edison Scientific,imported,unknown,https://edisonscientific.com/careers,
Nanit,imported,unknown,https://nanit.com/careers,
Efficient Computer,imported,unknown,https://efficientcomputer.com/careers,
PermitFlow,imported,unknown,https://permitflow.com/careers,
Reema Health,imported,unknown,https://reemahealth.com/careers,
Hello Vet,imported,unknown,https://hellovet.com/careers,
Prime Security,imported,unknown,https://primesecurity.com/careers,
Ray studios,imported,unknown,https://raystudios.com/careers,
AnySignal,imported,unknown,https://anysignal.com/careers,
Runware,imported,unknown,https://runware.com/careers,
Truemed,imported,unknown,https://truemed.com/careers,
Leona Health,imported,unknown,https://leonahealth.com/careers,
Pryzm,imported,unknown,https://pryzm.com/careers,
Ostium,imported,unknown,https://ostium.com/careers,
Hnry,imported,unknown,https://hnry.com/careers,
Outset,imported,unknown,https://outset.com/careers,
duvo.ai,imported,unknown,https://duvo.ai.com/careers,
Safebooks AI,imported,unknown,https://safebooksai.com/careers,
Vinci4D.ai,imported,unknown,https://vinci4d.ai.com/careers,
Clarity Pediatrics,imported,unknown,https://claritypediatrics.com/careers,
Tin Can,imported,unknown,https://tincan.com/careers,
Trigger.dev,imported,unknown,https://trigger.dev.com/careers,
Fin,imported,unknown,https://fin.com/careers,
Bitstack,imported,unknown,https://bitstack.com/careers,
BoldVoice,imported,unknown,https://boldvoice.com/careers,
Trial Library,imported,unknown,https://triallibrary.com/careers,
Simular,imported,unknown,https://simular.com/careers,
Qargo TMS,imported,unknown,https://qargotms.com/careers,
Ritten,imported,unknown,https://ritten.com/careers,
Supper,imported,unknown,https://supper.com/careers,
Tutor,imported,unknown,https://tutor.com/careers,
FINNY,imported,unknown,https://finny.com/careers,
Pirros,imported,unknown,https://pirros.com/careers,
Studio,imported,unknown,https://studio.com/careers,
Maverick Metals,imported,unknown,https://maverickmetals.com/careers,
Orion,imported,unknown,https://orion.com/careers,
Light,imported,unknown,https://light.com/careers,
FLORA,imported,unknown,https://flora.com/careers,
Valerie Health,imported,unknown,https://valeriehealth.com/careers,
Starbridge,imported,unknown,https://starbridge.com/careers,
Maxima,imported,unknown,https://maxima.com/careers,
Keycard,imported,unknown,https://keycard.com/careers,
Flexion Robotics,imported,unknown,https://flexionrobotics.com/careers,
DualEntry,imported,unknown,https://dualentry.com/careers,
Doctronic,imported,unknown,https://doctronic.com/careers,
Delian Alliance Industries,imported,unknown,https://delianallianceindustries.com/careers,
Crosby,imported,unknown,https://crosby.com/careers,
ChipAgents,imported,unknown,https://chipagents.com/careers,
Braveheart Bio,imported,unknown,https://braveheartbio.com/careers,
Bobyard,imported,unknown,https://bobyard.com/careers,
Blossom,imported,unknown,https://blossom.com/careers,
Arbio,imported,unknown,https://arbio.com/careers,
1mind,imported,unknown,https://1mind.com/careers,
YO,imported,unknown,https://yo.com/careers,
Fermi America,imported,unknown,https://fermiamerica.com/careers,
Earthful.me,imported,unknown,https://earthful.me.com/careers,
Social Agent,imported,unknown,https://socialagent.com/careers,
Terranova,imported,unknown,https://terranova.com/careers,
Bespoke Labs,imported,unknown,https://bespokelabs.com/careers,
Lyceum,imported,unknown,https://lyceum.com/careers,
Perle,imported,unknown,https://perle.com/careers,
TwinMind,imported,unknown,https://twinmind.com/careers,
Provision,imported,unknown,https://provision.com/careers,
CoreStory,imported,unknown,https://corestory.com/careers,
Tempo,imported,unknown,https://tempo.com/careers,
Willow,imported,unknown,https://willow.com/careers,
Genspark,imported,unknown,https://genspark.com/careers,
OpenFX,imported,unknown,https://openfx.com/careers,
Wonderful,imported,unknown,https://wonderful.com/careers,
Biographica,imported,unknown,https://biographica.com/careers,
Vanna Health,imported,unknown,https://vannahealth.com/careers,
Popcorn,imported,unknown,https://popcorn.com/careers,
arcreal,imported,unknown,https://arcreal.com/careers,
Bahn Express,imported,unknown,https://bahnexpress.com/careers,
System,imported,unknown,https://system.com/careers,
Bolt Insight,imported,unknown,https://boltinsight.com/careers,
Sibros,imported,unknown,https://sibros.com/careers,
LawVu,imported,unknown,https://lawvu.com/careers,
Sofant,imported,unknown,https://sofant.com/careers,
Buildforce,imported,unknown,https://buildforce.com/careers,
STRM.BIO,imported,unknown,https://strm.bio.com/careers,
AgileRL,imported,unknown,https://agilerl.com/careers,
On Me,imported,unknown,https://onme.com/careers,
dazzle ai,imported,unknown,https://dazzleai.com/careers,
Navier AI,imported,unknown,https://navierai.com/careers,
EraDrive,imported,unknown,https://eradrive.com/careers,
Opine,imported,unknown,https://opine.com/careers,
Channel3,imported,unknown,https://channel3.com/careers,
Lucis (YC X25),imported,unknown,https://lucis(ycx25).com/careers,
Kilo Code,imported,unknown,https://kilocode.com/careers,
tofu,imported,unknown,https://tofu.com/careers,
NovoLINC,imported,unknown,https://novolinc.com/careers,
Kivo,imported,unknown,https://kivo.com/careers,
AIR Platforms,imported,unknown,https://airplatforms.com/careers,
Cleric,imported,unknown,https://cleric.com/careers,
Cynch AI,imported,unknown,https://cynchai.com/careers,
Double,imported,unknown,https://double.com/careers,
Union.ai,imported,unknown,https://union.ai.com/careers,
Sora Schools,imported,unknown,https://soraschools.com/careers,
Unusual,imported,unknown,https://unusual.com/careers,
Tobe Energy,imported,unknown,https://tobeenergy.com/careers,
PrediQT,imported,unknown,https://prediqt.com/careers,
Omni Instrument,imported,unknown,https://omniinstrument.com/careers,
Natural,imported,unknown,https://natural.com/careers,
"HammerheadAI, Inc..",imported,unknown,"https://hammerheadai,inc...com/careers",
GetMint,imported,unknown,https://getmint.com/careers,
Flux Photonics,imported,unknown,https://fluxphotonics.com/careers,
Avallon AI (YC X25),imported,unknown,https://avallonai(ycx25).com/careers,
AILOS-Robotics,imported,unknown,https://ailos-robotics.com/careers,
Blazel,imported,unknown,https://blazel.com/careers,
Jito Foundation,imported,unknown,https://jitofoundation.com/careers,
ZeroPhase,imported,unknown,https://zerophase.com/careers,
Airweave (YC X25),imported,unknown,https://airweave(ycx25).com/careers,
Fifth Door,imported,unknown,https://fifthdoor.com/careers,
General Reasoning,imported,unknown,https://generalreasoning.com/careers,
Netpreme,imported,unknown,https://netpreme.com/careers,
BluePill AI,imported,unknown,https://bluepillai.com/careers,
Double Blind Bio,imported,unknown,https://doubleblindbio.com/careers,
Ridley,imported,unknown,https://ridley.com/careers,
Cascade Space,imported,unknown,https://cascadespace.com/careers,
LemonSlice,imported,unknown,https://lemonslice.com/careers,
Dryft,imported,unknown,https://dryft.com/careers,
Unlimited Industries,imported,unknown,https://unlimitedindustries.com/careers,
Bedrock Robotics,imported,unknown,https://bedrockrobotics.com/careers,
The General Intelligence Company of New York,imported,unknown,https://thegeneralintelligencecompanyofnewyork.com/careers,
Candid Intelligence,imported,unknown,https://candidintelligence.com/careers,
Zipline,imported,unknown,https://zipline.com/careers,
Standard Nuclear,imported,unknown,https://standardnuclear.com/careers,
Onebrief,imported,unknown,https://onebrief.com/careers,
Synthesia,imported,unknown,https://synthesia.com/careers,
Arena,imported,unknown,https://arena.com/careers,
Tulip Interfaces,imported,unknown,https://tulipinterfaces.com/careers,
Neurophos,imported,unknown,https://neurophos.com/careers,
Oviva,imported,unknown,https://oviva.com/careers,
Torq,imported,unknown,https://torq.com/careers,
Varda Space Industries,imported,unknown,https://vardaspaceindustries.com/careers,
Fluidstack,imported,unknown,https://fluidstack.com/careers,
Pennylane,imported,unknown,https://pennylane.com/careers,
Waabi,imported,unknown,https://waabi.com/careers,
Mews,imported,unknown,https://mews.com/careers,
ClickHouse,imported,unknown,https://clickhouse.com/careers,
Zarminali Pediatrics,imported,unknown,https://zarminalipediatrics.com/careers,
DayOne,imported,unknown,https://dayone.com/careers,
Mytra,imported,unknown,https://mytra.com/careers,
Skild AI,imported,unknown,https://skildai.com/careers,
Highnote,imported,unknown,https://highnote.com/careers,
Noveon Magnetics,imported,unknown,https://noveonmagnetics.com/careers,
WeLab,imported,unknown,https://welab.com/careers,
JetZero,imported,unknown,https://jetzero.com/careers,
Clear Street,imported,unknown,https://clearstreet.com/careers,
Nelly Solutions,imported,unknown,https://nellysolutions.com/careers,
Zanskar,imported,unknown,https://zanskar.com/careers,
Parloa,imported,unknown,https://parloa.com/careers,
Upscale AI,imported,unknown,https://upscaleai.com/careers,
Decagon,imported,unknown,https://decagon.com/careers,
Upwind Security,imported,unknown,https://upwindsecurity.com/careers,
Baseten,imported,unknown,https://baseten.com/careers,
Defense Unicorns,imported,unknown,https://defenseunicorns.com/careers,
Oxide Computer,imported,unknown,https://oxidecomputer.com/careers,
